summary_id,type,mean,standard_deviation
1,1,159.342451,2316.721032
1,2,160.777295,3516.486117
