vulnerability_id,intensity_bin_id,damage_bin_id,probability
1, 1, 1, 9.3074202538e-01
1, 1, 2, 3.1780265272e-02
1, 1, 3, 1.3534847647e-02
1, 1, 4, 9.7223473713e-03
1, 1, 5, 1.0036946274e-02
1, 1, 6, 4.1835540906e-03
1, 2, 1, 8.1891679764e-01
1, 2, 2, 7.2742946446e-02
1, 2, 3, 4.7050107270e-02
1, 2, 4, 2.8249507770e-02
1, 2, 5, 2.0280061290e-02
1, 2, 6, 1.2760606594e-02
1, 3, 1, 3.4234577417e-01
1, 3, 2, 8.9048936963e-02
1, 3, 3, 9.7413651645e-02
1, 3, 4, 1.3722231984e-01
1, 3, 5, 2.2619181871e-01
1, 3, 6, 1.0777750611e-01
2, 1, 1, 9.3074202538e-01
2, 1, 2, 3.1780265272e-02
2, 1, 3, 1.3534847647e-02
2, 1, 4, 9.7223473713e-03
2, 1, 5, 1.0036946274e-02
2, 1, 6, 4.1835540906e-03
2, 2, 1, 8.1891679764e-01
2, 2, 2, 7.2742946446e-02
2, 2, 3, 4.7050107270e-02
2, 2, 4, 2.8249507770e-02
2, 2, 5, 2.0280061290e-02
2, 2, 6, 1.2760606594e-02
2, 3, 1, 3.4234577417e-01
2, 3, 2, 8.9048936963e-02
2, 3, 3, 9.7413651645e-02
2, 3, 4, 1.3722231984e-01
2, 3, 5, 2.2619181871e-01
2, 3, 6, 1.0777750611e-01
