vulnerability_id,intensity_bin_index,damage_bin_index,prob
1,1,1,0.930742041
1,1,2,0.031780264
1,1,3,0.013534848
1,1,4,0.009722347
1,1,5,0.010036946
1,1,6,0.004183554
1,2,1,0.818916773
1,2,2,0.072742943
1,2,3,0.047050108
1,2,4,0.028249507
1,2,5,0.020280062
1,2,6,0.012760607
1,3,1,0.342345766
1,3,2,0.089048938
1,3,3,0.097413655
1,3,4,0.137222325
1,3,5,0.226191814
1,3,6,0.107777503
